"round","order","warmup","variant","elapsed_ms","exit_code","output_exists","output_bytes"
"0","1","True","baseline","17411.575","0","True","26602496"
"0","2","True","inline","15242.538","0","True","26602496"
"1","1","False","baseline","14630.013","0","True","26602496"
"1","2","False","inline","16226.687","0","True","26602496"
"2","1","False","inline","14073.474","0","True","26602496"
"2","2","False","baseline","15149.54","0","True","26602496"
"3","1","False","baseline","14369.54","0","True","26602496"
"3","2","False","inline","14297.963","0","True","26602496"
"4","1","False","inline","13953.318","0","True","26602496"
"4","2","False","baseline","14125.686","0","True","26602496"
"5","1","False","baseline","14293.083","0","True","26602496"
"5","2","False","inline","14136.658","0","True","26602496"
"6","1","False","inline","15168.775","0","True","26602496"
"6","2","False","baseline","14230.273","0","True","26602496"
"7","1","False","baseline","14651.882","0","True","26602496"
"7","2","False","inline","14582.975","0","True","26602496"
"8","1","False","inline","14311.333","0","True","26602496"
"8","2","False","baseline","14276.712","0","True","26602496"
"9","1","False","baseline","14144.516","0","True","26602496"
"9","2","False","inline","15642.416","0","True","26602496"
"10","1","False","inline","17111.324","0","True","26602496"
"10","2","False","baseline","15961.021","0","True","26602496"
